user_id,word,state,city,language,gender,agegroup,mfcc_1,mfcc_2,mfcc_3,mfcc_4,mfcc_5,mfcc_6,mfcc_7,mfcc_8,mfcc_9,mfcc_10,mfcc_11,mfcc_12,mfcc_13,mfcc_14,mfcc_15,mfcc_16,mfcc_17,mfcc_18,mfcc_19,mfcc_20,mfcc_21,mfcc_22,mfcc_23,mfcc_24,mfcc_25,mfcc_26,mfcc_27,mfcc_28,mfcc_29,mfcc_30,mfcc_31,mfcc_32,mfcc_33,mfcc_34,mfcc_35,mfcc_36,mfcc_37,mfcc_38,mfcc_39
user_001,hello,karnataka,mangalore,kannada,female,18-25,-554.0908,121.310844,-19.336441,-28.530626,-14.867222,8.981497,0.6703204,1.3760047,3.0617754,-0.8027024,8.43976,7.5074234,-5.8164935,3.5709379,2.8758483,1.0855892,0.13827847,-0.35365936,0.4505369,0.47152302,-0.060047716,-0.11943471,0.51237637,0.7166594,0.19239779,-0.3725644,-1.071139,-1.01765,-0.35699615,-0.050137293,0.12886423,-0.11130652,-0.010926291,0.23904708,0.22018097,0.10378174,-0.20576331,-0.12329073,-0.1629946
user_001,water,karnataka,mangalore,kannada,female,18-25,-563.66956,80.36664,36.29802,26.692429,-18.49962,-3.090895,-6.9531226,-11.038513,3.165331,-9.838282,-5.0168047,-0.8872077,-4.3982887,5.5738583,5.7917233,1.3476362,1.1756318,0.76472926,-0.46137556,-0.7655515,-0.90361154,-0.37337446,-0.6147395,-0.61097395,0.3999073,-0.20759732,-1.7188115,-1.0055137,0.11042225,-0.96872455,-0.2977559,0.3236072,0.29019442,0.3309484,-0.17363194,0.33560053,0.3166044,-0.23654266,-0.04977259
user_001,tomato,karnataka,mangalore,kannada,female,18-25,-538.2453,100.95337,-9.159565,18.382015,-4.953862,-9.274163,-10.404206,-0.49572498,4.0095725,1.8213733,0.5278107,3.1215568,-9.44512,9.972794,7.050845,0.13221598,-0.023558259,-0.27778772,-0.6479432,-0.94213307,-0.7101827,-0.0036533326,0.4164485,0.46108449,0.17147525,-0.30997062,-2.083208,-0.77401996,0.073301494,-0.859938,0.15339288,0.1863833,0.058154523,0.2265114,-0.09537955,0.25629866,0.26116002,-0.020733729,0.1454758
user_001,school,karnataka,mangalore,kannada,female,18-25,-517.2875,87.738434,20.150486,18.138836,-12.502293,-13.315799,-18.271664,-5.9080772,-5.7391615,-4.5491323,-8.75433,4.7991858,-7.708917,5.3718567,1.478958,2.348503,1.5476542,0.15485547,0.17534488,-0.40905368,-0.5128407,-0.2528039,0.09842488,0.2542255,0.30324027,0.1744566,0.32127434,-1.3166964,-0.33262658,0.17153108,0.29822415,-0.24918064,-0.25912568,-0.2130101,-0.050267458,0.078757875,0.21725653,0.33569622,0.13642533
user_002,balloon,karnataka,mangalore,english,female,21-25,-446.80194,106.691444,14.00928,3.2209268,-0.594156,-5.2538185,-19.733765,-10.539245,-13.456743,-11.008981,-11.614412,-0.5599294,-8.566185,6.996838,5.3317723,1.1927525,-0.22854403,0.19508386,0.052918717,-0.62108445,-0.7577052,-0.70719975,-0.23248681,-0.24843225,-0.23557632,-0.47736597,-0.36077273,-0.97835124,0.35478866,1.0368582,0.23415214,-0.14713064,-0.031222567,0.42272764,0.35015622,-0.05148375,-0.18936482,0.038912833,0.048091948
user_002,star,karnataka,mangalore,english,female,21-25,-371.8896,75.48295,-24.206612,-18.342848,-5.742695,0.16267085,-13.698509,3.172522,-14.177665,4.4588947,-14.313311,-0.90235054,-6.88444,13.103872,4.40826,-2.8195283,-1.2646978,-0.09847337,-0.45105392,-0.19070052,0.04109682,-0.14808042,0.25313178,-0.80900866,-0.17223838,-0.08182272,-0.45308137,-0.37173158,0.6412705,0.19316989,-0.05647111,-0.10444102,-0.18961799,0.3022704,0.34440726,-0.12069826,-0.09992061,0.3284269,0.0039578415
user_002,rain,karnataka,mangalore,english,female,21-25,-477.466,56.69783,21.410982,18.168919,0.40179706,0.471954,-5.0374393,-3.8376856,-8.292531,-4.50146,-4.102332,-1.59083,-1.8397888,17.27452,3.5431902,-0.21865319,1.9147263,-1.8619746,-0.78734225,-1.2357004,-0.13030288,-1.143564,-0.23367871,-0.4288001,0.19201681,0.006638147,3.7705746,-0.6780338,-0.9848425,0.26038814,-0.28717503,-0.17605607,-0.010610469,0.19287162,-0.35524943,0.14945042,-0.0318739,-0.26800656,-0.029693067
user_002,hello,karnataka,mangalore,english,female,21-25,-480.1361,114.15611,5.390849,-4.2758107,-12.064307,-9.639632,-8.318243,-2.7796593,-7.2121983,-6.5519657,-8.751066,-5.929142,-7.500125,7.152463,3.0480056,1.3716041,0.88526285,-0.6140071,-0.69352406,-0.5304079,-0.2993759,-0.30032688,-0.80143,-0.0069961622,0.42453322,-0.17090851,2.2040722,-0.50836337,-0.6773415,-0.52209955,-0.24456942,0.04055381,-0.025177002,-0.23550665,0.098981194,0.18224913,0.16335264,0.31307578,0.1374546
user_002,car,karnataka,mangalore,english,female,21-25,-518.0205,92.47444,1.4295735,-6.800112,3.2764077,1.1411153,-5.8267717,-3.958798,-9.752374,-1.3946668,-8.065189,-7.108368,-6.0455523,20.262386,6.3668814,-2.5265543,-3.1482377,-0.17162625,-0.51156217,-0.57097054,-0.14900155,-0.31359446,0.3688647,-1.0325743,-0.83040744,-0.20036897,-2.0207386,-2.1165233,-0.25122437,0.8173934,-0.26173094,0.15402298,0.31358144,0.18264593,0.03327413,-0.097289875,0.03573498,-0.07233737,-0.07638532
user_002,bus,karnataka,mangalore,english,female,21-25,-520.12305,86.562294,14.816612,-1.5229368,1.6006904,-1.0529106,-8.402778,-4.6468353,-12.761613,-2.7369823,-6.9683075,-6.2961035,-10.624283,17.980766,6.644612,-2.0286472,-3.507453,-0.44478893,-0.20475736,-1.0270821,-0.76398367,0.12185154,1.0066133,-0.9611459,0.26556638,-0.72963977,-0.034323454,-1.4386897,-0.08416554,0.32497597,0.5214562,-0.10399683,0.20286523,0.42405954,0.1859948,0.109058395,-0.20944843,0.20726147,0.13936609
user_002,rose,karnataka,mangalore,english,female,21-25,-472.68225,98.51535,17.76728,-10.186985,-2.7484672,-8.93944,-9.379487,-14.394332,-19.111092,-6.3008723,-8.880068,-2.6445966,-5.892611,3.546132,0.06550777,2.9845655,-0.08666579,0.97106004,-0.5706728,-0.7930403,0.5001732,-1.5359552,0.02973491,-0.90967023,0.30479234,-0.29764432,-1.4460187,-1.0790911,-0.6550844,-0.5725064,-0.49835232,0.08883658,0.46132895,-0.03650564,0.008260883,0.034493893,0.4173953,0.15621193,0.2263357
user_002,plants,karnataka,mangalore,english,female,21-25,-470.39517,111.649536,-11.141403,-5.4252834,-0.03317529,-0.45303524,-9.31856,-5.794852,-8.358004,-4.2667723,-12.240425,-3.706912,-8.940549,11.590416,4.2558546,-0.68642867,0.6292783,0.51767325,-0.14810951,-0.13285966,-0.0018901527,0.3059107,-0.9932775,-1.102772,0.16450056,-0.71666807,-2.7191684,-1.1274955,1.780333,0.9074418,0.04633157,-0.3285958,0.082788244,0.42406958,0.0759889,0.008233219,0.25600913,-0.11208871,0.09843048
user_002,city,karnataka,mangalore,english,female,21-25,-535.7314,66.2624,18.78447,4.5123453,3.5099776,-10.048437,-4.381664,-3.5206943,-15.396643,-5.2948694,-5.986742,-5.1270685,-8.008577,15.509654,2.6369987,1.228646,-0.29525042,-0.5845851,-1.8924768,-0.5455992,-0.4359714,-1.6034781,-0.17428495,-0.33793607,-0.06637402,-0.5709387,0.031752095,0.0009826273,-0.66983974,1.4444745,-0.57080424,0.5143423,0.007299036,-0.15861899,-0.073615864,0.01856479,0.020510513,-0.079646066,0.21684042
user_002,mobile,karnataka,mangalore,english,female,21-25,-497.78473,111.9718,16.297207,-2.0938973,-5.4354,-1.1660079,-6.808132,-2.9718099,-13.329477,-1.1110172,-5.866731,-7.4123344,-13.640803,13.396238,5.90033,-0.94395393,-2.3139162,-0.3075636,-0.29743966,-0.45490956,-0.057419226,-0.45603794,0.3997233,-0.48499689,-0.32993197,-0.47022897,0.24694204,-1.5022968,-1.1897967,-0.85047764,0.7289386,0.5137783,-0.14477488,-0.21856366,-0.012983173,0.24600825,-0.05414687,-0.044813212,0.04255359
user_003,game,karnataka,mangalore,english,female,18-25,-516.9479,77.25226,21.128836,17.054792,-5.009387,-3.5707273,-2.0203187,-12.710405,-13.955418,-4.7344565,-11.625822,-2.1316578,-11.154226,14.179848,4.025215,1.5951104,0.86722136,-1.3771579,-1.1749431,0.7837519,-1.579654,-0.5917962,0.098759584,-1.0160859,0.61084324,-0.48471698,-2.3375282,-0.7570154,-0.4283253,-0.13148332,0.3465606,0.2999254,0.21342811,0.5595437,0.5138234,0.011404201,0.3829834,-0.088275746,0.20812137
user_004,hello,karnataka,mangalore,tulu,male,14-20,-435.46185,123.798164,-29.220655,-2.8936343,-2.357468,18.719757,-15.552567,-11.173943,-2.200948,-3.4265506,0.21778703,-13.069311,-7.473632,16.758503,5.9332433,-2.147781,-0.17676081,-0.6009837,0.7756295,-1.6946061,0.17641322,0.74271923,-0.45975107,0.19461706,-0.9929352,-0.02017983,-2.7601504,-0.70493096,0.7070987,-0.36423588,0.5224513,-0.41778296,-0.5094103,-0.14179696,0.14665255,-0.10414463,-0.052801102,0.039183646,0.5404866
user_004,water,karnataka,mangalore,tulu,male,14-20,-505.68744,99.123505,23.855915,34.85823,-16.819239,-11.374188,0.54538083,-10.008632,-2.9839282,-7.032053,2.3129487,-4.1038203,-9.598985,13.11581,4.108757,0.013937533,3.2326396,-1.8320025,-0.92273504,-0.093761146,-1.356282,-0.4336301,-1.1900139,0.041169763,-0.38400596,-0.53462404,-1.7411609,-0.31531858,0.5016315,-0.21619079,1.299556,-0.2387601,-0.381348,0.48188776,-0.3876791,-0.09304702,-0.061942734,0.24736935,0.19905424
user_005,chair,uttarpradesh,agra,hindi,male,23-25,-561.7694,73.15139,1.6996343,54.557117,0.7997259,8.512618,0.6518682,-0.79583955,-5.287772,-2.0483837,-7.0729656,9.382096,-4.9952755,12.170162,4.5555067,-0.23737471,1.5762831,-0.10550779,0.40582258,-0.046711028,-0.34461635,0.25750995,0.25682616,-0.08132412,0.78097284,-0.13796091,0.40653116,-0.78410935,-0.22284375,0.039802253,0.077830024,-0.005148351,0.1460177,0.0150604695,0.119941264,0.15523256,-0.109864265,0.010190368,-0.010610402
user_005,mango,uttarpradesh,agra,hindi,male,23-25,-489.3164,102.74412,9.838857,12.051519,-15.253964,18.53043,5.7989883,-10.15346,-0.95346683,-1.3991113,-1.4483769,0.1547103,-1.6226896,4.7351313,2.7622623,0.63792896,1.0526973,-0.8424244,0.49865395,0.20327601,-1.0513201,0.38222578,-0.16710293,-0.15739031,0.4166166,-0.13123268,0.7874523,0.18783198,-0.43337107,-0.23329261,-0.31934223,-0.20823938,-0.25881582,-0.19087297,-0.04846905,-0.07796854,0.124888435,0.16627468,0.108622834
user_005,air,uttarpradesh,agra,hindi,male,23-25,-604.6339,114.07606,-9.805125,22.398191,-14.015179,17.529148,-0.11188096,0.23786509,-4.488998,1.6051968,1.1562825,1.2066427,-0.30191538,10.209333,5.383301,0.1874235,0.9917471,0.07105182,0.7224463,0.27259633,-0.2456384,0.1831967,0.16796708,-0.5174928,0.770871,-0.07367767,1.3453186,-0.051418245,0.05982828,0.11803247,-0.091835424,0.18143734,-0.06925817,0.026384003,0.055543333,-0.10266858,-0.21430804,0.09980431,-0.078713834
user_005,songs,uttarpradesh,agra,hindi,male,23-25,-512.54034,114.99818,8.875229,31.679527,7.0256634,5.253189,3.6547205,-5.088662,-1.8057979,-2.3285182,-2.4007778,-4.2758937,-7.2973146,8.477403,4.53736,0.9681698,2.909002,0.84609187,-0.08173864,0.898805,0.3508803,0.192766,-0.717927,0.29085344,-0.1810886,-0.6237565,2.2032762,0.4860482,-0.26447707,-1.3606119,0.061733693,0.35207418,-0.27026963,0.08595057,-0.18474218,0.6113673,0.12769885,-0.075878814,0.25052345
user_005,word,uttarpradesh,agra,hindi,male,23-25,-539.851,56.77186,1.4809798,44.488144,-17.297867,12.529261,-0.05235064,-0.7071058,-3.5047317,2.473005,-4.7779884,5.2270956,-4.260091,12.325804,1.290093,0.11990997,3.6617887,-0.1662169,0.2480853,-0.18355867,1.1759992,-0.15355825,-0.7444384,-0.34694952,0.46931627,0.045807943,3.841749,-1.0839717,-0.97058195,0.31676105,-0.54149806,0.020219117,-0.48018306,-0.14893422,-0.29642385,-0.13166125,0.006698519,0.008599579,0.25088966
user_005,rain,uttarpradesh,agra,hindi,male,23-25,-512.2168,75.71511,7.265794,51.617928,-18.441166,12.420851,-11.021837,5.996161,-7.9706764,3.7453709,-7.299341,7.1736546,-3.3017316,9.122446,7.0200133,0.15679994,1.9350331,0.77248645,0.26828095,0.47459835,-0.3434775,0.21734846,-0.51913095,-0.13925219,0.5026989,-0.023145184,0.42367947,0.9176426,0.27200475,0.22777236,0.15288925,0.33212373,0.3276291,-0.12441726,0.4601663,-0.41888767,0.26719868,0.01342836,-0.11981595
user_005,clouds,uttarpradesh,agra,hindi,male,23-25,-518.4529,109.0574,7.510158,34.594543,-20.260216,13.260723,9.793013,-9.016052,-3.7618856,3.3666458,-0.6759963,1.967345,2.8491356,10.398186,5.2599535,0.00060138106,3.6464345,-0.74892366,-0.025381446,1.234201,-1.8587573,0.6502853,0.082790226,-0.8338046,0.4066842,0.22702163,-1.6626958,0.2855807,0.15450191,-0.15829319,0.8443482,0.15222193,0.4206978,0.75192565,0.16452369,-0.20749816,-0.08546099,-0.25880578,-0.24408345
user_005,tomato,uttarpradesh,agra,hindi,male,23-25,-489.79034,105.30949,-5.772769,15.852629,-2.1790204,2.2424736,6.4206295,-3.5281532,-0.6540751,3.787696,0.35833457,2.9421456,1.5111654,13.136341,7.693885,-0.87102705,0.20447983,0.49529076,-0.27468044,0.48202357,-0.08839539,-0.24440506,0.39814276,0.09087844,0.12711334,0.17401755,2.2313461,-0.486974,-0.33539617,0.41928768,0.31040758,-0.09506285,-0.3674759,-0.17657888,0.18480442,0.23242211,0.0002619028,-0.20927848,0.06593205
user_005,car,uttarpradesh,agra,hindi,male,23-25,-546.0759,101.854294,-8.432737,46.395256,-9.451376,13.160301,-4.0176716,-1.9039217,-6.575282,-1.1270385,-6.2291536,4.690626,-7.938636,16.80827,3.508779,-0.7959034,1.4358348,-0.27778172,1.1551795,-0.5230825,0.59602034,-0.6336753,0.3032422,-0.5146384,0.2618051,0.08634038,-5.395024,2.2488322,0.4492057,0.47841623,0.22131091,-0.24641272,0.5376005,-0.10039867,0.5384336,-0.24270225,0.53973794,-0.29758945,0.027191252
user_005,hello,uttarpradesh,agra,hindi,male,23-25,-595.95654,91.35097,-2.0863647,41.33781,3.0743191,6.178854,4.2888346,0.13825831,1.3800211,-2.162356,-0.4551847,0.5513586,-1.055994,7.078287,5.0542536,0.302319,0.22408804,0.26965633,0.48301095,0.24407688,-0.37570256,0.16340609,0.3005312,-0.18342677,0.29590744,-0.05873982,1.1934092,0.34066936,0.0047386177,0.26519537,-0.08037335,0.0986084,0.08065496,0.047830585,-0.06788936,-0.066095136,-0.055611297,-0.118080854,-0.094971806
user_006,hello,karnataka,bangalore,hindi,male,22-24,-537.53235,86.19545,26.583107,29.169724,-0.32373905,6.0161366,7.016375,-7.023387,-4.686456,-5.04559,-2.9628198,-1.2442343,1.2965088,4.8930063,2.5312448,0.09272285,1.3181794,0.39740705,0.3470006,0.11549027,-0.39281875,-0.112410784,-0.13332808,0.08707992,0.010925658,-0.10776591,0.8438643,-0.4501825,-1.0840809,-0.54520917,-0.64329326,-0.43385673,-0.22075096,-0.0066444576,0.01445131,0.02316185,0.20765682,0.111337155,-0.02686883
user_004,fish,karnataka,mangalore,tulu,male,14-20,-469.09583,96.94951,32.899853,40.4381,-12.4505005,-7.3215766,-17.88467,-15.2696295,-0.3266501,-14.329799,0.342137,-16.076614,-8.471708,2.8267875,4.190889,2.3282478,0.5291103,0.25250283,-0.5999461,-0.46351767,-0.30014732,-0.1463351,-0.32087797,-0.44718194,0.30454102,-0.062562436,-0.07265079,-0.4705537,-0.50352484,-0.25637886,-0.29748687,-0.04045932,-0.14509162,-0.43173483,-0.39939386,-0.21608716,0.018977724,0.110961996,0.23662244
user_004,house,karnataka,mangalore,tulu,male,14-20,-498.78363,90.959564,24.826384,42.794716,-12.95475,-4.336348,-10.052788,-4.604574,-5.818228,-8.5657215,3.5451894,-14.539164,-1.1860907,10.562328,5.336834,0.55422795,1.3262324,-0.2798942,-0.4035647,-1.4387779,-0.6520832,-0.5542654,-0.5709275,0.42165154,-0.29275855,0.5012883,-0.6046361,-0.5128695,-0.25588757,-0.5234678,0.6845192,-0.5826756,-0.36615857,0.1899311,-0.06863533,-0.31994146,0.3318051,0.6946806,-0.007120814
user_004,rain,karnataka,mangalore,tulu,male,14-20,-400.071,106.45908,11.971298,-8.683688,-2.4350674,-7.2315125,-19.833344,-4.5438366,0.7228051,-5.8626533,3.2940633,-10.73892,-8.777615,11.943342,7.0313096,-2.4889011,-0.4923532,-1.3443867,0.4789375,-0.91152465,0.014527701,0.42216277,-0.017027818,0.7020355,-1.3076286,-0.2844684,-1.5457648,-0.39231044,-0.5651798,-0.01198101,-0.2828009,0.37887847,0.3430116,-0.19182988,-0.026263788,0.022722632,0.17901692,-0.1257018,0.27076617
user_004,tea,karnataka,mangalore,tulu,male,14-20,-483.53357,101.685265,6.4949484,-3.6017556,-4.5616302,5.971053,-7.1083746,0.8949219,3.9507785,3.9130194,-4.1389046,-7.68221,-2.4805002,9.444744,7.321597,-1.5537349,-1.3021207,-0.39223284,0.8972775,-0.21800649,-0.39820886,0.1259384,0.64153206,-0.08835919,-0.88221586,-0.36913228,-4.49011,-1.3641708,0.92118216,-0.33839396,0.6040419,0.07737726,0.19760111,-0.21953832,-0.16037378,0.34105504,-0.077417225,0.25451598,0.15885185
user_004,children,karnataka,mangalore,tulu,male,14-20,-473.34735,101.85306,31.98953,10.615049,-5.2636995,4.565509,-11.151996,-16.51693,-6.8629875,-11.987125,-3.70656,-10.548716,0.3749057,6.745909,6.281657,1.5469114,-1.5001446,-0.3445754,-0.09474831,-0.09364396,-0.34891993,-0.8762896,-0.42765513,-0.26938182,0.28019398,0.06925858,2.2015738,-0.6022142,-1.0118184,-0.06491704,0.031902134,0.07856716,0.03723995,-0.13979028,-0.09897752,0.10701199,0.24848774,0.080557585,-0.07504923
user_004,clothes,karnataka,mangalore,tulu,male,14-20,-491.8034,132.53099,26.806425,1.164228,-8.306878,-1.3083916,-6.0357804,-20.822937,-14.796713,-5.9039307,1.201065,-10.011463,-1.9723347,8.886587,5.6496916,0.8140974,-0.574127,-0.28265226,1.2065455,-0.38208202,-1.4102283,-0.8006744,-1.2794429,0.5249996,-0.35778555,0.21804613,-3.9921393,-1.0429933,0.61366254,0.1471929,0.051979005,-0.16494265,0.46125558,0.66625166,-0.30212903,0.42867067,-0.29277593,0.22025956,-0.28112802
user_004,umbrella,karnataka,mangalore,tulu,male,14-20,-449.47058,92.35097,5.8319473,12.104496,4.561019,-7.614067,-12.402805,-8.714901,-8.652212,-3.5149999,1.2854459,5.9710283,-1.2231846,7.0607514,1.560971,0.95728946,0.14842862,0.73587203,0.023950636,-0.06051051,-0.2929624,-0.18307939,0.10766847,0.07295631,0.30170307,-0.40386233,-2.4518669,0.62639135,-0.21192515,0.34309044,-0.25666553,0.23239872,0.34211066,-0.3689981,0.12064657,-0.26792637,0.30931175,-0.28876334,-0.14474005
user_004,sunlight,karnataka,mangalore,tulu,male,14-20,-514.39044,95.00721,36.88385,4.249496,-2.7728255,4.9449487,-2.8834786,-12.488334,-14.927792,-7.6674266,-5.6126432,-4.7879105,0.10887025,2.533084,3.8763857,2.077624,0.3953196,-0.358788,-0.14097376,0.063639045,-0.34300643,-0.66759974,-1.1227365,-0.6945199,-0.061186314,0.4679928,-2.2234552,-0.9236689,-0.63932747,0.72232497,0.40344822,-0.121545255,-0.24891712,0.054236464,0.37778112,0.29755607,0.066559136,-0.18921341,-0.19308953
user_004,meal,karnataka,mangalore,tulu,male,14-20,-504.9751,57.718227,11.372955,2.2208998,3.6439161,-4.935302,-18.159182,5.2748375,0.1941787,-7.284032,-2.2953196,1.3563474,4.242422,9.250926,-2.1191487,4.0184755,-0.27908283,1.5525011,-1.0174116,-0.9881185,1.0527415,-0.36736912,-0.18089232,0.104658194,0.75820166,-0.041068085,-0.84648937,-0.869284,-0.6588931,0.27470797,-0.10662499,-0.32349294,-0.11427991,-0.10825105,0.06870288,0.2208353,0.27223074,0.13110219,-0.039704844
user_001,plastic,karnataka,mangalore,kannada,female,18-25,-451.75372,57.84427,-3.912274,9.886089,-14.2189865,-13.900837,-8.282893,-5.9220867,-6.345031,1.1220472,3.7030725,-6.1246223,-2.7662115,13.52522,2.315383,-0.6147605,2.1378922,-1.8635834,-2.2997875,-0.45178106,-0.81030035,-1.1147672,0.4454279,0.52754885,-0.2886692,0.6017878,-4.035467,-0.6656637,0.51193446,-1.0165038,0.35675317,0.4279519,0.17053169,0.11346692,-0.007864192,0.06126032,-0.12875055,0.17945233,-0.010307465
user_001,clouds,karnataka,mangalore,kannada,female,18-25,-396.502,85.31039,-19.571445,-8.325434,-15.520344,-7.6538825,-12.522919,-3.3829098,2.1109636,-5.1318636,-10.98797,-5.736853,-5.674686,6.427459,3.879467,-0.2678256,-0.29172918,-0.44525164,-0.46228683,-0.08185382,-0.2238935,0.12960431,0.16213667,-0.10655975,0.09257047,0.1053214,0.25665128,-1.0059067,0.1453403,-0.2119208,-0.32012686,-0.12944044,-0.17508838,-0.06428778,0.05770421,0.19909894,0.025014192,0.03539621,0.09482451
user_001,house,karnataka,mangalore,kannada,female,18-25,-499.23633,90.85933,-0.88144684,20.090752,-11.632614,-9.894539,-1.644717,-10.348946,-14.137281,-1.293366,-5.339087,-0.72185874,3.4226785,2.6882343,4.21778,1.812171,0.7792087,-0.038939506,-0.8050312,0.89205337,-0.38425392,-0.2283194,-0.021913365,-0.08496111,0.30810335,0.18912266,-0.56135815,-0.824307,0.062368393,-0.062621966,-0.10892293,-0.024281695,-0.4102546,0.09788594,0.13150239,0.042234004,0.22427009,0.081127286,0.047001645
user_001,book,karnataka,mangalore,kannada,female,18-25,-437.16742,111.37448,-22.256664,-18.536392,-9.59919,1.7630739,-25.750092,-7.1372056,-1.6647853,-4.214544,-11.840303,-12.007176,0.9496995,13.632933,5.268723,-3.1875243,-0.8657382,-1.0750426,1.4410897,-0.61404914,-0.45338458,0.28799343,-0.30659273,-0.16200313,-0.6938211,-0.08560702,-2.7689724,0.33325225,0.7120745,-0.8187788,0.21524295,-0.19890833,0.25118938,-0.26077107,-0.024256244,0.055196352,-0.23568821,-0.06945774,0.2815471
user_001,hill,karnataka,mangalore,kannada,female,18-25,-423.94794,118.264145,19.208876,30.588566,-23.444492,-23.615658,-18.629608,-25.938667,-20.50356,-6.0207624,-0.08029473,-10.330387,1.2604568,4.9236126,4.3452473,2.153118,1.6508634,-1.26301,-1.9420407,-0.2782119,-1.1970731,-0.9447854,0.65808517,-0.018257529,0.12919192,0.42360786,-3.0705967,-1.155055,0.02399242,-0.4279335,0.8691033,0.43430635,0.2853267,0.3060584,0.52552897,-0.10793336,-0.21957174,-0.049667507,-0.2188614
user_001,song,karnataka,mangalore,kannada,female,18-25,-514.449,99.87579,8.837592,16.434698,-3.8553438,-8.887681,-9.958672,-3.8941946,-0.39121664,-2.0395,-9.062672,-0.16100445,-3.5346248,11.013745,4.320948,0.931319,2.0642169,-1.3890393,-1.0274231,0.4360484,-0.766793,-0.29467016,-0.015758552,-0.14195469,-0.21966815,0.09603039,1.0134437,-1.105617,-0.7749256,-0.4660719,-0.73221517,0.032048248,0.16636643,0.40011775,0.24198711,0.29984477,0.30745837,0.017439738,-0.051233724
user_001,lesson,karnataka,mangalore,kannada,female,18-25,-380.78943,138.08469,-46.566437,-37.518925,-17.136505,8.968668,-6.812126,-13.534582,-5.5128307,-8.335093,-6.9650035,-8.151009,-1.4026375,5.978583,5.4375105,-0.5337748,-2.2681913,0.043181047,1.0413657,-0.003224656,-0.7746122,-0.08211213,-0.06657804,-0.39524442,-0.52666765,-0.18045084,-2.7029212,-1.4575827,1.0093776,0.69930077,0.41869718,-0.05429086,-0.25047168,0.26521677,0.2433734,0.19812408,0.09895159,0.113298535,0.035198882
